2024-04-15,NBA,New Orleans,False,7.9,False,5.856175
2024-04-15,NBA,Golden State,False,1.88,False,5.36005
2024-04-15,MLB,Cleveland,True,13.8,True,4.6782
2024-04-15,MLB,Minnesota,False,10.533333333333331,False,5.9986
2024-04-15,MLB,Colorado,True,5.466666666666666,True,4.87395
2024-04-15,MLB,Texas,False,3.733333333333333,True,4.771575
2024-04-15,MLB,LA Angels,True,12.2,False,5.6215
2024-04-15,MLB,Toronto,True,3.0,True,3.0291749999999995
2024-04-15,MLB,Pittsburgh,False,13.666666666666666,False,5.47255
2024-04-15,MLB,San Diego,True,2.0,False,5.643775
2024-04-15,MLB,Kansas City,True,5.2,True,4.852225
2024-04-15,MLB,Atlanta,True,2.333333333333333,False,6.178599999999999
2024-04-15,MLB,St. Louis,True,4.666666666666667,True,5.186125
2024-04-15,MLB,Chi Cubs,True,2.8666666666666663,True,4.400325
2024-04-15,MLB,Cincinnati,False,14.2,False,5.55355
2024-04-15,MLB,Washington,True,5.533333333333333,True,6.405175
2024-04-16,NBA,New Orleans,False,5.6,True,5.856175
2024-04-16,NBA,Golden State,False,1.88,True,5.36005
2024-04-16,MLB,Detroit,True,1.1999999999999995,True,5.3168500000000005
2024-04-16,MLB,Minnesota,False,5.266666666666666,True,6.27535
2024-04-16,MLB,Colorado,False,2.4666666666666663,True,5.555350000000001
2024-04-16,MLB,Miami,True,1.4666666666666668,True,6.974425
2024-04-16,MLB,LA Angels,True,7.666666666666666,False,5.907475
2024-04-16,MLB,Toronto,True,8.333333333333332,False,3.83815
2024-04-16,MLB,Cleveland,True,0.5999999999999999,False,5.27365
2024-04-16,MLB,Pittsburgh,False,8.200000000000001,True,5.77135
2024-04-16,MLB,Chi Sox,False,0.0,False,4.507075
2024-04-16,MLB,Milwaukee,False,2.0,True,6.072625
2024-04-16,MLB,Houston,False,2.4,True,5.7646
2024-04-16,MLB,Chi Cubs,True,4.266666666666667,False,5.116375
2024-04-16,MLB,Oakland,True,2.4,True,4.898575
2024-04-16,MLB,Cincinnati,False,7.999999999999999,True,5.890375000000001
2024-04-16,MLB,Washington,False,0.9333333333333332,True,5.626574999999999
2024-04-17,NBA,Philadelphia,False,1.6000000000000003,False,5.093425
2024-04-17,NBA,Chicago,True,2.8666666666666667,False,5.631399999999999
2024-04-17,MLB,Miami,False,2.1333333333333333,False,7.122025
2024-04-17,MLB,Baltimore,True,10.533333333333337,False,6.505975
2024-04-17,MLB,Pittsburgh,False,7.866666666666665,False,5.491
2024-04-17,MLB,Texas,True,6.933333333333334,False,3.9654
2024-04-17,MLB,Milwaukee,True,2.0,True,5.3928
2024-04-17,MLB,Houston,True,2.2,False,4.42845
2024-04-17,MLB,Chi Sox,False,0.0,True,3.507075
2024-04-17,MLB,Chi Sox,True,0.0,True,3.507075
2024-04-17,MLB,Toronto,False,8.399999999999999,False,4.320774999999999
2024-04-17,MLB,Washington,True,0.5999999999999999,False,6.253074999999999
2024-04-17,MLB,Oakland,True,2.6,False,4.658725
2024-04-17,MLB,Chi Cubs,True,4.4,True,5.419675
2024-04-17,MLB,Cincinnati,False,7.666666666666666,True,5.519349999999999
2024-04-17,MLB,Colorado,True,2.0,False,5.2822
2024-04-17,MLB,LA Angels,True,7.533333333333333,True,6.150925000000001
2024-04-17,MLB,Cleveland,False,9.8,True,5.6683
2024-04-18,NBA,Chicago,False,1.8666666666666667,False,5.724774999999999
2024-04-18,NBA,New Orleans,False,0.3999999999999999,False,5.008825
2024-04-18,MLB,LA Angels,True,12.6,False,6.3559
2024-04-18,MLB,Texas,True,3.1333333333333333,False,5.3371
2024-04-18,MLB,Cleveland,False,5.199999999999999,False,5.33755
2024-04-18,MLB,Miami,False,2.2,False,5.6156500000000005
2024-04-18,MLB,Arizona,False,11.066666666666666,True,4.805649999999999
2024-04-19,NBA,Chicago,False,1.8666666666666667,True,5.724774999999999
2024-04-19,NBA,New Orleans,True,1.0999999999999996,True,5.008825
2024-04-19,MLB,Miami,False,2.2,False,5.6156500000000005
2024-04-19,MLB,Chi Sox,False,10.4,True,5.049775
2024-04-19,MLB,LA Angels,False,11.866666666666667,True,5.455575
2024-04-19,MLB,Boston,True,2.7333333333333334,False,5.33215
2024-04-19,MLB,Washington,False,7.066666666666666,True,5.07475
2024-04-19,MLB,Tampa Bay,False,8.933333333333334,True,5.068225
2024-04-19,MLB,Oakland,False,12.133333333333333,False,5.25205
2024-04-19,MLB,Texas,False,9.733333333333334,False,5.606999999999999
2024-04-19,MLB,Kansas City,True,6.933333333333334,False,5.487625
2024-04-19,MLB,Detroit,True,11.866666666666667,False,4.375
2024-04-19,MLB,Milwaukee,False,4.333333333333333,True,5.807575
2024-04-19,MLB,Colorado,False,5.666666666666666,False,4.90915
2024-04-19,MLB,Toronto,True,1.5333333333333334,False,6.099175000000001
2024-04-19,MLB,NY Mets,True,9.2,True,6.397075
2024-04-19,MLB,Arizona,True,10.266666666666666,False,3.52035
2024-04-20,NBA,Orlando,False,3.54,True,5.66695
2024-04-20,NBA,Minnesota,True,6.1,False,5.257899999999999
2024-04-20,NBA,Philadelphia,False,3.4333333333333336,False,5.2426
2024-04-20,NBA,Denver,True,2.857142857142857,True,5.7214
2024-04-20,MLB,Tampa Bay,True,3.0,True,3.735225
2024-04-20,MLB,Detroit,True,12.066666666666666,True,3.9132
2024-04-20,MLB,Milwaukee,True,6.866666666666667,False,5.446675
2024-04-20,MLB,Chi Cubs,False,1.1333333333333335,False,6.000850000000001
2024-04-20,MLB,Chi Cubs,True,1.1333333333333335,False,6.000850000000001
2024-04-20,MLB,Washington,True,4.733333333333334,True,5.07475
2024-04-20,MLB,Arizona,False,4.199999999999999,False,4.984299999999999
2024-04-20,MLB,Boston,True,4.066666666666666,True,5.724775
2024-04-20,MLB,NY Mets,True,12.866666666666667,True,6.6198250000000005
2024-04-20,MLB,Chi Sox,False,4.7333333333333325,False,3.789225
2024-04-20,MLB,Oakland,False,10.6,False,5.7259
2024-04-20,MLB,LA Angels,False,11.2,False,5.1093
2024-04-20,MLB,Kansas City,False,7.800000000000001,False,5.83435
2024-04-20,MLB,Texas,False,11.866666666666667,False,6.8041
2024-04-20,MLB,Colorado,False,3.666666666666666,True,4.90915
2024-04-20,MLB,Toronto,True,2.1333333333333333,True,5.759425
2024-04-21,NBA,Miami,False,4.021428571428572,True,5.190625000000001
2024-04-21,NBA,Dallas,False,0.2666666666666666,True,5.230675
2024-04-21,NBA,Milwaukee,True,6.7,True,5.547025
2024-04-21,NBA,Okla City,False,1.7647058823529411,True,5.286925
2024-04-21,MLB,Philadelphia,True,6.466666666666667,False,5.107825
2024-04-21,MLB,Washington,True,9.933333333333334,True,4.74985
2024-04-21,MLB,Tampa Bay,True,4.666666666666667,False,4.474
2024-04-21,MLB,Boston,True,8.266666666666667,True,5.3893
2024-04-21,MLB,Cleveland,True,0.7333333333333334,False,5.0823
2024-04-21,MLB,LA Angels,False,6.066666666666667,True,5.301675
2024-04-21,MLB,Kansas City,False,12.466666666666663,False,6.10615
2024-04-21,MLB,Detroit,True,6.933333333333334,True,4.9132
2024-04-21,MLB,Milwaukee,True,8.799999999999999,True,5.777875
2024-04-21,MLB,Chi Cubs,False,2.4000000000000004,False,5.28895
2024-04-21,MLB,Colorado,True,3.533333333333333,True,4.5856
2024-04-21,MLB,Colorado,False,3.533333333333333,False,4.5856
2024-04-21,MLB,SF Giants,False,2.0,False,5.35645
2024-04-21,MLB,NY Mets,False,3.000000000000001,True,6.80635
2024-04-21,MLB,Toronto,False,6.266666666666666,False,5.473000000000001
2024-04-21,MLB,Texas,True,6.466666666666667,False,6.363099999999999
2024-04-22,NBA,Orlando,False,3.5636363636363635,True,5.58685
2024-04-22,NBA,Philadelphia,True,4.166666666666667,True,5.318875
2024-04-22,NBA,Denver,False,2.76,True,5.647375
2024-04-22,MLB,Oakland,True,5.733333333333333,True,3.961575
2024-04-22,MLB,Cincinnati,False,6.733333333333333,True,4.784725
2024-04-22,MLB,Milwaukee,False,12.133333333333333,True,5.8465
2024-04-22,MLB,Detroit,True,1.7333333333333336,False,5.612275
2024-04-22,MLB,Miami,False,6.666666666666666,False,6.166
2024-04-22,MLB,Chi Sox,False,8.0,True,4.78135
2024-04-22,MLB,Kansas City,False,9.133333333333333,True,4.2525
2024-04-22,MLB,St. Louis,True,5.266666666666667,True,5.0257
2024-04-22,MLB,San Diego,True,2.333333333333333,True,5.249124999999999
2024-04-22,MLB,Baltimore,True,0.2666666666666668,True,5.0051250000000005
2024-04-22,MLB,NY Mets,False,2.2,True,5.966425
2024-04-23,NBA,Minnesota,True,5.44,True,5.335525
2024-04-23,NBA,Milwaukee,False,0.4666666666666668,False,5.474799999999999
2024-04-23,NBA,LA Clippers,False,0.08,True,5.163175
2024-04-23,MLB,Cleveland,True,2.0666666666666664,True,5.177475
2024-04-23,MLB,Cincinnati,True,2.9333333333333336,False,3.605625
2024-04-23,MLB,Pittsburgh,True,0.333333333333333,True,4.5607500000000005
2024-04-23,MLB,Washington,False,10.92,True,4.0081500000000005
2024-04-23,MLB,Detroit,True,13.0,True,4.849425
2024-04-23,MLB,Oakland,True,11.133333333333333,True,3.705975
2024-04-23,MLB,Atlanta,True,1.6666666666666667,True,5.83525
2024-04-23,MLB,Chi Cubs,True,13.733333333333333,True,4.4064
2024-04-23,MLB,Chi Sox,True,2.2666666666666666,False,5.0451
2024-04-23,MLB,Kansas City,True,11.866666666666667,True,5.039875
2024-04-23,MLB,Arizona,True,5.133333333333333,False,3.7728
2024-04-23,MLB,Texas,False,3.266666666666666,True,3.66525
2024-04-23,MLB,San Diego,False,0.2666666666666666,False,4.991725000000001
2024-04-23,MLB,Baltimore,False,0.7333333333333331,False,5.613849999999999
2024-04-23,MLB,NY Mets,False,12.666666666666666,False,6.147824999999999
2024-04-24,NBA,Miami,True,4.0137931034482754,False,5.128299999999999
2024-04-24,NBA,Okla City,True,1.8533333333333333,False,5.218975
2024-04-24,MLB,St. Louis,True,7.2666666666666675,True,5.09185
2024-04-24,MLB,NY Mets,True,7.133333333333333,False,5.379624999999999
2024-04-24,MLB,LA Angels,True,3.1333333333333333,False,4.925925
2024-04-24,MLB,Boston,True,0.5999999999999996,False,5.858874999999999
2024-04-24,MLB,Cincinnati,True,1.2000000000000002,False,4.605625
2024-04-24,MLB,Pittsburgh,True,0.8666666666666667,True,5.32
2024-04-24,MLB,Washington,False,3.1333333333333337,False,4.7233
2024-04-24,MLB,Tampa Bay,True,0.8666666666666667,False,5.610025
2024-04-24,MLB,Oakland,False,3.133333333333333,False,4.494925
2024-04-24,MLB,Atlanta,False,3.2,True,5.5519750000000005
2024-04-24,MLB,Chi Sox,False,4.333333333333333,False,3.91005
2024-04-24,MLB,Kansas City,True,12.0,True,4.854475000000001
2024-04-24,MLB,Chi Cubs,True,14.2,True,5.13325
2024-04-24,MLB,Seattle,False,5.933333333333334,True,4.460050000000001
2024-04-24,MLB,Colorado,False,1.3999999999999997,True,4.295925
2024-04-25,NBA,Orlando,True,4.45,False,4.903525
2024-04-25,NBA,Philadelphia,True,1.32,False,5.5981000000000005
2024-04-25,NBA,LA Lakers,False,7.8,False,5.27905
2024-04-25,MLB,Pittsburgh,False,7.2,False,4.11165
2024-04-25,MLB,Chi Sox,False,1.2666666666666664,False,5.21875
2024-04-25,MLB,Cincinnati,False,8.333333333333334,True,5.009275000000001
2024-04-25,MLB,Boston,False,7.466666666666667,False,5.858874999999999
2024-04-25,MLB,Kansas City,True,12.133333333333333,True,4.6891
2024-04-25,MLB,Chi Cubs,True,13.8,True,4.899474999999999
2024-04-25,MLB,Texas,True,3.4666666666666663,True,3.28365
2024-04-25,MLB,Colorado,True,3.2666666666666666,False,5.070925
2024-04-25,MLB,Washington,True,1.9333333333333331,True,5.1166
2024-04-25,MLB,Oakland,True,2.7333333333333334,True,4.819825
2024-04-26,NBA,Indiana,False,2.35,False,5.631175000000001
2024-04-26,NBA,Dallas,True,1.0,True,4.953025
2024-04-26,NBA,Minnesota,True,5.377777777777777,False,5.42485
2024-04-26,MLB,Detroit,False,2.4,False,4.6531
2024-04-26,MLB,Baltimore,False,5.333333333333334,False,6.015700000000001
2024-04-26,MLB,Toronto,False,9.4,False,4.993975000000001
2024-04-26,MLB,NY Mets,False,0.9986986986986984,False,5.8145500000000006
2024-04-26,MLB,Boston,False,1.6666666666666663,False,5.0284
2024-04-26,MLB,Cleveland,False,4.800000000000001,False,6.10525
2024-04-26,MLB,Tampa Bay,False,1.666666666666667,False,4.94605
2024-04-26,MLB,Cincinnati,True,6.0,True,5.223025
2024-04-26,MLB,Milwaukee,True,3.1333333333333333,False,5.481325
2024-04-26,MLB,LA Angels,False,4.333333333333333,False,5.637025
2024-04-26,MLB,San Diego,False,3.1333333333333337,False,4.687975
2024-04-26,MLB,Seattle,True,2.466666666666667,True,4.78585
2024-04-26,MLB,Pittsburgh,False,7.6,True,5.514625
2024-04-27,NBA,Orlando,True,5.25,True,4.9852
2024-04-27,NBA,New Orleans,False,6.5,True,5.653675
2024-04-27,NBA,Boston,True,1.5666666666666669,True,5.4574750000000005
2024-04-27,NBA,Denver,False,0.3428571428571427,False,5.21425
2024-04-27,MLB,Toronto,False,2.333333333333333,True,5.320675
2024-04-27,MLB,Oakland,False,5.8,True,5.7439
2024-04-27,MLB,NY Mets,False,2.933333333333333,False,4.659625
2024-04-27,MLB,Cincinnati,True,6.0,False,4.992175
2024-04-27,MLB,Washington,True,7.533333333333333,False,5.5558000000000005
2024-04-27,MLB,Boston,True,1.0666666666666669,False,4.3164
2024-04-27,MLB,Colorado,False,7.6,False,4.786975
2024-04-27,MLB,Detroit,True,1.3333333333333337,False,4.6531
2024-04-27,MLB,Chi Sox,True,8.2,False,4.26735
2024-04-27,MLB,Milwaukee,False,3.533333333333333,False,5.733775
2024-04-27,MLB,Cleveland,True,7.4,True,5.837725000000001
2024-04-27,MLB,San Diego,False,2.733333333333333,True,5.014225
2024-04-27,MLB,Pittsburgh,True,7.266666666666666,True,5.308975
2024-04-27,MLB,Minnesota,True,5.066666666666666,False,5.370850000000001
2024-04-27,MLB,Arizona,False,5.866666666666666,True,4.6036
2024-04-28,NBA,Dallas,False,1.2399999999999998,False,4.894299999999999
2024-04-28,NBA,Indiana,True,1.8,False,5.699574999999999
2024-04-28,NBA,Minnesota,True,7.5,False,5.496625
2024-04-28,MLB,Cleveland,False,3.0038038038038035,False,8.598775
2024-04-28,MLB,Baltimore,True,9.733333333333333,True,8.502475
2024-04-28,MLB,St. Louis,False,3.001701701701701,False,7.937725
2024-04-28,MLB,Washington,True,4.133333333333333,True,6.254025
2024-04-28,MLB,NY Yankees,True,1.3692307692307693,True,6.443474999999999
2024-04-28,MLB,Chi Sox,False,3.0007007007007007,False,8.536000000000001
2024-04-28,MLB,Cincinnati,True,3.4666666666666672,True,5.251375
2024-04-28,MLB,Colorado,False,9.114285714285714,True,4.745125
2024-04-28,MLB,Pittsburgh,True,7.333333333333332,True,5.62425
2024-04-28,MLB,LA Angels,False,2.533333333333333,True,8.615874999999999
2024-04-28,MLB,Philadelphia,True,6.8,False,4.827475
2024-04-28,MLB,Seattle,False,0.2666666666666666,True,4.4407
2024-04-28,MLB,Chi Cubs,True,5.800000000000001,True,5.5594
2024-04-29,NBA,Boston,True,1.561904761904762,True,5.3884
2024-04-29,NBA,Okla City,True,0.8888888888888888,True,5.578975
2024-04-29,NBA,Denver,False,2.7333333333333334,True,5.5774
2024-04-29,MLB,NY Yankees,False,11.333333333333332,True,5.940775
2024-04-29,MLB,Washington,True,13.333333333333332,False,5.929525
2024-04-29,MLB,St. Louis,False,2.7333333333333334,False,4.9384
2024-04-29,MLB,Kansas City,True,11.666666666666666,False,3.25575
2024-04-29,MLB,Minnesota,False,1.7333333333333334,True,5.29705
2024-04-29,MLB,Milwaukee,True,5.0,False,6.280749999999999
2024-04-29,MLB,Philadelphia,False,3.0666666666666664,False,5.08465
2024-04-29,MLB,Atlanta,False,2.7333333333333334,True,4.58155
2024-04-29,MLB,LA Dodgers,True,0.6666666666666667,False,5.243275000000001
2024-04-29,MLB,Pittsburgh,False,2.866666666666667,True,5.522724999999999
2024-04-29,MLB,Cincinnati,True,3.5333333333333337,True,5.8051
2024-04-30,NBA,Philadelphia,True,3.75,False,5.2543
2024-04-30,NBA,Orlando,True,3.3800000000000003,False,5.5146250000000006
2024-04-30,NBA,Milwaukee,True,0.8000000000000003,True,5.578075
2024-04-30,MLB,Detroit,True,2.2666666666666666,True,4.9384
2024-04-30,MLB,Detroit,True,2.2666666666666666,False,4.9384
2024-04-30,MLB,Baltimore,True,8.8,True,4.7151
2024-04-30,MLB,Colorado,True,6.133333333333333,True,6.0625
2024-04-30,MLB,Kansas City,True,6.6,True,4.577500000000001
2024-04-30,MLB,Chi Cubs,False,5.933333333333333,True,4.0923
2024-04-30,MLB,Boston,True,3.1333333333333333,False,6.18985
2024-04-30,MLB,Chi Sox,True,7.4,False,5.1112
2024-04-30,MLB,Tampa Bay,False,5.333333333333332,True,6.00355
2024-04-30,MLB,Washington,False,6.666666666666667,False,5.053599999999999
2024-04-30,MLB,Cleveland,True,7.333333333333334,False,4.855375
2024-04-30,MLB,LA Angels,False,2.4,False,4.335075
2024-04-30,MLB,Seattle,True,2.666666666666667,True,4.405600000000001
2024-04-30,MLB,Arizona,True,4.0,True,5.475925
2024-04-30,MLB,Oakland,True,2.7333333333333334,True,4.327875
2024-04-30,MLB,Cincinnati,False,7.533333333333333,False,5.586399999999999
2024-05-01,NBA,Miami,False,4.035714285714286,False,5.174424999999999
2024-05-01,NBA,Dallas,True,0.1666666666666665,False,5.103325
2024-05-01,MLB,Milwaukee,True,10.2,False,6.1831
2024-05-01,MLB,Detroit,True,2.6,True,4.996449999999999
2024-05-01,MLB,Chi Sox,False,7.466666666666667,False,5.32315
2024-05-01,MLB,Kansas City,True,6.866666666666667,True,4.411
2024-05-01,MLB,Oakland,True,3.1333333333333333,True,5.327875
2024-05-01,MLB,Seattle,False,3.0,False,3.2499
2024-05-01,MLB,LA Angels,True,0.4666666666666663,True,5.554225000000001
2024-05-01,MLB,Cincinnati,False,7.266666666666666,False,5.77
2024-05-01,MLB,Baltimore,False,0.1333333333333328,True,5.518000000000001
2024-05-01,MLB,Colorado,False,6.199999999999999,False,6.2164
2024-05-01,MLB,NY Mets,True,3.2,True,4.931649999999999
2024-05-01,MLB,Boston,True,3.6666666666666665,True,5.91535
2024-05-01,MLB,Washington,True,6.199999999999999,True,5.053599999999999
2024-05-01,MLB,Cleveland,True,7.200000000000001,True,5.101975
2024-05-01,MLB,Arizona,False,4.266666666666667,True,4.280175
2024-05-02,NBA,Indiana,True,2.4166666666666665,False,5.747725
2024-05-02,NBA,Philadelphia,False,1.5666666666666669,False,5.609350000000001
2024-05-02,MLB,Colorado,False,3.001801801801802,False,9.2164
2024-05-02,MLB,Baltimore,True,0.7111111111111112,False,6.018000000000001
2024-05-02,MLB,NY Mets,True,3.2,False,5.431649999999999
2024-05-02,MLB,Boston,False,3.6666666666666665,True,5.91535
2024-05-02,MLB,Washington,False,3.1999999999999997,True,5.553599999999999
2024-05-02,MLB,Cleveland,False,7.200000000000001,False,5.101975
2024-05-02,NBA,Indiana,False,2.4166666666666665,False,5.747725
2024-05-02,NBA,Philadelphia,False,1.5666666666666669,False,5.609350000000001
2024-05-02,MLB,Colorado,False,3.001801801801802,False,9.2164
2024-05-02,MLB,Baltimore,False,0.7111111111111112,False,6.018000000000001
2024-05-02,MLB,NY Mets,False,3.2,False,5.431649999999999
2024-05-02,MLB,Boston,False,3.6666666666666665,False,5.91535
2024-05-02,MLB,Washington,False,3.1999999999999997,False,5.553599999999999
2024-05-02,MLB,Cleveland,False,7.200000000000001,False,5.101975
2024-05-03,NBA,Orlando,True,3.375,True,4.94515
2024-05-03,NBA,Dallas,True,1.0375,False,4.9915
2024-05-03,MLB,Milwaukee,True,4.466666666666667,True,4.636125
2024-05-03,MLB,Baltimore,True,1.6,False,6.1813
2024-05-03,MLB,SF Giants,True,10.2,True,5.796325
2024-05-03,MLB,Colorado,True,3.9333333333333336,True,5.126725
2024-05-03,MLB,Toronto,False,3.066666666666667,False,4.492225
2024-05-03,MLB,NY Mets,False,12.6,True,6.2863750000000005
2024-05-03,MLB,Detroit,True,11.866666666666667,True,4.7620000000000005
2024-05-03,MLB,LA Angels,True,4.533333333333333,True,5.171849999999999
2024-05-03,MLB,Kansas City,True,6.133333333333335,True,5.055400000000001
2024-05-03,MLB,Boston,False,12.733333333333334,True,5.284225
2024-05-03,MLB,Seattle,False,1.8666666666666667,True,3.1086
2024-05-03,MLB,St. Louis,True,1.1333333333333335,True,5.04865
2024-05-03,MLB,Miami,False,4.2,True,4.976875
2024-05-03,MLB,San Diego,True,1.3333333333333337,True,5.193325
2024-05-03,MLB,Atlanta,False,2.0,True,4.83165
2024-05-04,NBA,Minnesota,True,4.0,True,5.465125
2024-05-04,MLB,Detroit,False,11.8,False,3.599775
2024-05-04,MLB,Boston,False,12.4,True,4.090275
2024-05-04,MLB,Chi Sox,True,3.733333333333333,False,4.8691
2024-05-04,MLB,Milwaukee,True,10.733333333333334,False,5.438124999999999
2024-05-04,MLB,Colorado,True,4.133333333333333,True,4.956175
2024-05-04,MLB,Washington,False,5.6000000000000005,False,4.750525
2024-05-04,MLB,Miami,False,4.2,False,4.8196
2024-05-04,MLB,SF Giants,False,10.266666666666667,False,4.796325
2024-05-04,MLB,LA Angels,False,5.2,False,5.923
2024-05-04,MLB,Baltimore,False,1.9333333333333336,True,5.9275
2024-05-04,MLB,Kansas City,False,6.466666666666667,False,4.88035
2024-05-04,MLB,Seattle,True,10.733333333333334,True,2.9819249999999995
2024-05-04,MLB,NY Mets,False,3.4,False,6.42745
2024-05-04,MLB,San Diego,True,11.0,False,5.020075
2024-05-04,MLB,Atlanta,False,11.0,False,5.614525
2024-05-05,NBA,Orlando,False,2.742857142857143,False,5.566825
2024-05-05,MLB,Detroit,False,11.6,False,4.843
2024-05-05,MLB,Colorado,False,10.133333333333333,False,4.80565
2024-05-05,MLB,Toronto,False,0.6000000000000001,False,4.984975
2024-05-05,MLB,LA Angels,False,4.7333333333333325,False,6.08365
2024-05-05,MLB,NY Mets,False,3.2,False,5.193225
2024-05-05,MLB,Boston,True,12.2,False,4.919275
2024-05-05,MLB,Seattle,True,11.266666666666666,False,3.871225
2024-05-05,MLB,Kansas City,True,5.6000000000000005,True,5.077
2024-05-05,MLB,Chi Sox,True,3.9333333333333336,True,5.09815
2024-05-05,MLB,Milwaukee,False,1.7999999999999998,True,5.624874999999999
2024-05-05,MLB,Miami,True,3.0,False,5.044825
2024-05-05,MLB,Atlanta,False,1.3333333333333333,True,5.797899999999999
2024-05-05,MLB,Baltimore,True,11.066666666666666,False,4.7034
2024-05-05,MLB,San Diego,False,3.0,False,5.220775
2024-05-05,MLB,SF Giants,False,0.6000000000000001,False,5.947975
2024-05-06,NBA,Indiana,True,3.8333333333333335,False,5.086
2024-05-06,NBA,Minnesota,True,4.254545454545455,True,5.3983
2024-05-06,MLB,SF Giants,False,6.6,True,5.947975
2024-05-06,MLB,Cleveland,True,3.666666666666667,True,4.914675
2024-05-06,MLB,LA Angels,False,11.4,True,4.929175
2024-05-06,MLB,Chi Sox,False,4.133333333333333,False,5.01615
2024-05-06,MLB,Milwaukee,True,10.466666666666669,True,5.242375
2024-05-06,MLB,Seattle,False,2.0666666666666664,True,4.2013
2024-05-06,MLB,San Diego,True,1.4,False,4.31325
2024-05-06,MLB,NY Mets,True,6.0,True,5.275225000000001
2024-05-06,MLB,Oakland,False,4.733333333333333,True,5.4487000000000005
2024-05-06,MLB,LA Dodgers,True,1.5333333333333337,False,5.748624999999999
2024-05-07,NBA,Boston,True,2.325,False,5.397399999999999
2024-05-07,NBA,Dallas,False,1.6000000000000003,True,5.47525
2024-05-07,MLB,Oakland,False,9.466666666666669,False,5.26735
2024-05-07,MLB,Detroit,True,0.1333333333333328,False,5.67145
2024-05-07,MLB,Philadelphia,True,1.6,False,5.545
2024-05-07,MLB,Cincinnati,False,8.8,True,4.359375
2024-05-07,MLB,LA Angels,True,6.066666666666666,False,3.84165
2024-05-07,MLB,Baltimore,False,2.0,True,5.497075000000001
2024-05-07,MLB,Chi Sox,False,0.0666666666666668,False,6.111549999999999
2024-05-07,MLB,NY Yankees,True,3.0666666666666678,False,4.46275
2024-05-07,MLB,Boston,False,7.666666666666666,True,5.094325
2024-05-07,MLB,Milwaukee,True,5.2,False,4.960675
2024-05-07,MLB,San Diego,True,5.199999999999999,True,5.498875
2024-05-07,MLB,Seattle,True,6.133333333333334,False,4.338325
2024-05-07,MLB,NY Mets,True,7.2,False,5.107374999999999
2024-05-07,MLB,Colorado,False,8.866666666666667,True,5.62105
2024-05-07,MLB,LA Dodgers,True,6.333333333333334,False,5.906575
2024-05-08,NBA,Indiana,False,3.58,False,5.1625000000000005
2024-05-08,MLB,LA Angels,True,11.733333333333334,False,5.532675
2024-05-08,MLB,Toronto,True,3.0,True,4.68675
2024-05-08,MLB,Detroit,True,5.466666666666666,False,5.832775
2024-05-08,MLB,Milwaukee,False,10.333333333333334,False,5.126275
2024-05-08,MLB,San Diego,True,1.2666666666666668,True,5.3344
2024-05-08,MLB,LA Dodgers,True,1.6,True,5.045624999999999
2024-05-08,MLB,Texas,False,1.9333333333333336,False,5.431825
2024-05-08,MLB,Texas,False,1.9333333333333336,False,5.431825
2024-05-08,MLB,Arizona,False,2.333333333333333,True,5.196475
2024-05-08,MLB,Baltimore,False,3.533333333333333,False,5.304475
2024-05-08,MLB,Tampa Bay,False,1.0666666666666669,True,5.932449999999999
2024-05-08,MLB,Houston,False,1.6,False,4.71295
2024-05-08,MLB,Boston,False,9.533333333333331,True,4.939525
2024-05-08,MLB,Seattle,False,2.533333333333333,False,4.5748
2024-05-08,MLB,Colorado,False,3.466666666666667,False,5.436325
2024-05-09,NBA,Boston,False,2.2370370370370374,False,5.4649
2024-05-09,NBA,Okla City,False,3.52,False,5.407975
2024-05-09,MLB,Arizona,True,11.333333333333332,False,5.196475
2024-05-09,MLB,Seattle,False,11.533333333333331,False,3.5748
2024-05-09,MLB,Colorado,True,3.466666666666667,False,5.436325
2024-05-09,MLB,Houston,True,1.6,True,4.71295
2024-05-09,MLB,Cleveland,False,2.933333333333333,True,5.392899999999999
2024-05-09,MLB,St. Louis,False,1.4666666666666668,False,5.499099999999999
2024-05-09,MLB,Kansas City,True,3.0,False,5.095224999999999
2024-05-10,NBA,Indiana,False,1.56,True,5.920075000000001
2024-05-10,NBA,Minnesota,False,3.3142857142857145,False,5.062150000000001
2024-05-10,MLB,Detroit,False,11.066666666666666,True,5.0122
2024-05-10,MLB,Chi Cubs,True,6.066666666666666,False,4.8241
2024-05-10,MLB,Tampa Bay,False,2.2,True,5.578075
2024-05-10,MLB,Baltimore,True,0.7333333333333334,True,5.154175
2024-05-10,MLB,Toronto,True,2.2666666666666666,True,4.204575
2024-05-10,MLB,Philadelphia,True,0.2666666666666666,False,5.653225
2024-05-10,MLB,NY Mets,False,3.1333333333333333,True,4.8367
2024-05-10,MLB,Washington,True,3.533333333333333,True,5.166775
2024-05-10,MLB,Chi Sox,True,2.333333333333333,False,5.236075
2024-05-10,MLB,Milwaukee,True,1.1333333333333335,False,5.685625
2024-05-10,MLB,Colorado,True,7.866666666666667,True,5.6156500000000005
2024-05-10,MLB,LA Angels,True,1.7333333333333334,True,5.326524999999999
2024-05-10,MLB,San Diego,True,0.3999999999999999,True,5.62825
2024-05-10,MLB,Oakland,False,5.733333333333333,False,4.370725
2024-05-10,MLB,Cincinnati,True,7.133333333333333,True,4.027725
2024-05-11,NBA,Dallas,True,1.52,True,5.430250000000001
2024-05-11,NBA,Boston,True,1.4499999999999995,True,5.6539
2024-05-11,MLB,Minnesota,False,11.866666666666667,False,5.058325
2024-05-11,MLB,Arizona,True,4.266666666666667,False,4.004775
2024-05-11,MLB,Chi Cubs,False,2.466666666666667,False,5.0131
2024-05-11,MLB,Atlanta,True,1.8666666666666667,True,3.705525
2024-05-11,MLB,Washington,False,11.866666666666667,True,5.007249999999999
2024-05-11,MLB,NY Yankees,False,2.7333333333333334,False,5.432725
2024-05-11,MLB,Philadelphia,True,3.533333333333333,False,4.814325
2024-05-11,MLB,Houston,False,9.133333333333333,False,3.8583
2024-05-11,MLB,Cleveland,False,2.266666666666667,True,5.40235
2024-05-11,MLB,Cincinnati,False,3.2666666666666666,True,4.8781
2024-05-11,MLB,St. Louis,False,3.333333333333333,False,5.840199999999999
2024-05-11,MLB,Colorado,True,3.066666666666667,False,5.452075
2024-05-11,MLB,LA Dodgers,True,2.333333333333333,True,5.4622
2024-05-11,MLB,Kansas City,False,3.1333333333333337,False,5.155525
2024-05-11,MLB,Oakland,True,7.333333333333334,False,3.594825
2024-05-12,NBA,New York,False,4.2,True,5.84425
2024-05-12,NBA,Minnesota,False,3.68,False,5.13865
2024-05-12,MLB,Arizona,True,4.2,False,4.182525
2024-05-12,MLB,Washington,True,11.733333333333334,True,4.8646
2024-05-12,MLB,Chi Cubs,False,2.2,False,5.1841
2024-05-12,MLB,Minnesota,True,2.7333333333333334,True,5.238775
2024-05-12,MLB,Philadelphia,False,5.6,False,5.957875
2024-05-12,MLB,Detroit,False,6.133333333333333,False,5.057650000000001
2024-05-12,MLB,NY Yankees,True,2.2666666666666666,False,5.571325
2024-05-12,MLB,Cleveland,True,3.9333333333333336,True,5.259475
2024-05-12,MLB,St. Louis,True,3.333333333333333,True,5.978800000000001
2024-05-12,MLB,Colorado,True,5.533333333333333,True,5.59945
2024-05-12,MLB,Cincinnati,True,11.666666666666668,False,3.74535
2024-05-12,MLB,Kansas City,True,2.466666666666667,True,5.342274999999999
2024-05-12,MLB,Oakland,False,7.866666666666667,False,4.796424999999999
2024-05-12,MLB,LA Dodgers,False,2.533333333333333,True,5.311
2024-05-12,MLB,Atlanta,False,1.9333333333333336,True,4.584025
2024-05-13,NBA,Boston,False,1.4823529411764709,False,5.584825
2024-05-13,NBA,Dallas,False,1.75,True,5.365225
2024-05-13,MLB,Toronto,True,3.6,True,5.55625
2024-05-13,MLB,Miami,True,4.933333333333334,False,5.4973
2024-05-13,MLB,Philadelphia,False,2.1333333333333333,False,4.947850000000001
2024-05-13,MLB,Tampa Bay,True,0.3333333333333332,True,5.081049999999999
2024-05-13,MLB,Chi Cubs,False,10.4,True,5.045725
2024-05-13,MLB,Pittsburgh,True,10.266666666666667,False,5.976099999999999
2024-05-13,MLB,Cleveland,True,2.0666666666666664,True,4.8349
2024-05-13,MLB,Oakland,False,8.001401401401402,False,4.11345
2024-05-13,MLB,St. Louis,True,1.3333333333333337,False,5.393125
2024-05-13,MLB,Colorado,True,7.133333333333333,False,5.550174999999999
2024-05-13,MLB,Kansas City,False,11.0,False,4.43035
2024-05-13,MLB,Cincinnati,True,11.066666666666666,False,5.330349999999999
2024-05-13,MLB,LA Dodgers,True,4.2,False,4.602925
2024-05-14,NBA,Indiana,False,0.1333333333333328,True,5.20525
2024-05-14,NBA,Minnesota,False,4.3,False,5.370175
2024-05-14,MLB,Chi Sox,False,2.8666666666666667,False,4.938625
2024-05-14,MLB,Chi Sox,True,2.8666666666666667,True,4.938625
2024-05-14,MLB,Miami,True,5.866666666666667,True,5.65075
2024-05-14,MLB,Boston,True,4.333333333333334,False,4.929399999999999
2024-05-14,MLB,Chi Cubs,False,5.4,True,4.9096
2024-05-14,MLB,Minnesota,False,3.333333333333333,True,5.385924999999999
2024-05-14,MLB,Milwaukee,False,0.9993993993993991,False,6.4252
2024-05-14,MLB,Texas,False,2.4666666666666663,False,4.723749999999999
2024-05-14,MLB,Oakland,True,5.533333333333333,True,5.2804
2024-05-14,MLB,LA Angels,True,3.4000000000000004,False,4.535325
2024-05-14,MLB,Colorado,True,0.2666666666666668,False,5.687425
2024-05-14,MLB,Kansas City,True,5.8,True,4.6236250000000005
2024-05-14,MLB,Arizona,False,3.0,True,5.484475
2024-05-14,MLB,SF Giants,False,0.8000000000000003,False,4.800924999999999
2024-05-16,NBA,Minnesota,True,4.1,True,5.22775
2024-05-16,MLB,NY Yankees,True,10.8,True,5.247775
2024-05-16,MLB,NY Mets,True,10.733333333333334,False,5.9738500000000005
2024-05-16,MLB,Tampa Bay,True,0.7333333333333334,False,4.7962
2024-05-16,MLB,Pittsburgh,True,9.6,False,5.1031
2024-05-16,MLB,Oakland,False,7.533333333333333,False,5.143600000000001
2024-05-16,MLB,Cincinnati,True,5.466666666666667,False,5.911975
2024-05-17,NBA,New York,False,4.05,False,5.75875
2024-05-17,MLB,Chi Cubs,False,4.4,False,5.311
2024-05-17,MLB,Washington,False,0.5333333333333332,True,5.51215
2024-05-17,MLB,NY Yankees,True,6.733333333333333,True,5.0941
2024-05-17,MLB,Baltimore,True,0.5333333333333332,False,5.001849999999999
2024-05-17,MLB,Tampa Bay,True,5.6000000000000005,True,4.909375000000001
2024-05-17,MLB,Cleveland,True,9.266666666666666,True,5.88475
2024-05-17,MLB,Miami,True,1.333333333333333,True,6.564925000000001
2024-05-17,MLB,San Diego,True,3.5333333333333323,True,4.8889
2024-05-17,MLB,LA Angels,True,6.066666666666666,False,4.930075
2024-05-17,MLB,Houston,True,2.533333333333333,False,5.3173
2024-05-17,MLB,St. Louis,True,0.8666666666666663,False,4.656025
2024-05-17,MLB,Arizona,False,2.4,False,5.360725
2024-05-17,MLB,Cincinnati,False,2.8,False,5.943025
2024-05-17,MLB,Colorado,False,5.8,False,5.31685
2024-05-18,NBA,Dallas,False,1.3249999999999995,False,5.288500000000001
2024-05-18,MLB,NY Yankees,True,6.733333333333333,True,4.96585
2024-05-18,MLB,Pittsburgh,True,1.9333333333333336,True,5.448925000000001
2024-05-18,MLB,Tampa Bay,True,5.733333333333334,False,4.787649999999999
2024-05-18,MLB,Colorado,False,5.6000000000000005,False,5.458825
2024-05-18,MLB,Baltimore,True,9.866666666666667,True,5.16115
2024-05-18,MLB,Miami,True,2.0,True,6.655374999999999
2024-05-18,MLB,Washington,True,5.466666666666667,False,5.38435
2024-05-18,MLB,Cleveland,True,3.2666666666666666,False,5.7187
2024-05-18,MLB,Kansas City,True,2.266666666666666,True,3.907125
2024-05-18,MLB,Milwaukee,True,6.266666666666666,True,5.45545
2024-05-18,MLB,LA Angels,True,6.466666666666667,True,5.085775
2024-05-18,MLB,St. Louis,True,1.333333333333333,False,3.840075
2024-05-18,MLB,Detroit,True,7.266666666666667,False,5.500225
2024-05-18,MLB,Cincinnati,False,2.6,False,6.05575
2024-05-19,NBA,New York,False,3.4,False,5.1625
2024-05-19,NBA,Minnesota,True,4.3,True,5.421025
2024-05-19,MLB,St. Louis,False,7.866666666666667,False,5.0077
2024-05-19,MLB,NY Yankees,True,6.933333333333334,False,4.8502
2024-05-19,MLB,Washington,False,2.466666666666667,False,5.38435
2024-05-19,MLB,Baltimore,True,0.7333333333333334,False,5.16115
2024-05-19,MLB,Toronto,True,3.1333333333333333,True,4.963825
2024-05-19,MLB,Miami,False,2.2666666666666666,True,6.736375000000001
2024-05-19,MLB,Cleveland,True,9.8,True,5.8465
2024-05-19,MLB,Kansas City,True,2.266666666666666,False,4.802725
2024-05-19,MLB,Milwaukee,False,6.4,False,5.3308
2024-05-19,MLB,Pittsburgh,True,4.933333333333334,True,5.3218
2024-05-19,MLB,LA Angels,True,6.4,True,4.976425000000001
2024-05-19,MLB,Colorado,False,5.066666666666666,True,5.5846
2024-05-19,MLB,Detroit,False,7.533333333333333,False,4.630725
2024-05-19,MLB,Cincinnati,True,5.4,True,5.9079250000000005
2024-05-19,MLB,Atlanta,False,2.333333333333333,False,3.76965
2024-05-20,NBA,Boston,False,2.7157894736842105,False,5.613849999999999
2024-05-20,MLB,San Diego,True,9.133333333333333,False,4.93435
2024-05-20,MLB,San Diego,False,9.133333333333333,True,4.93435
2024-05-20,MLB,Chi Sox,False,1.2,False,4.829275
2024-05-20,MLB,NY Mets,False,4.4,True,5.269275
2024-05-20,MLB,Milwaukee,False,3.466666666666667,False,6.55705
2024-05-20,MLB,Washington,True,5.133333333333333,False,5.232475
2024-05-20,MLB,Boston,True,3.2666666666666666,True,5.604849999999999
2024-05-20,MLB,Seattle,True,3.9333333333333327,False,4.814875
2024-05-20,MLB,Kansas City,True,4.666666666666666,False,4.306725
2024-05-20,MLB,Baltimore,False,2.8,False,5.531725000000001
2024-05-20,MLB,LA Angels,True,8.0,False,5.1289750000000005
2024-05-20,MLB,Arizona,False,1.4,False,5.56975
2024-05-21,NBA,Boston,False,2.63,False,5.613849999999999
2024-05-21,MLB,Cleveland,True,9.666666666666666,True,6.104575
2024-05-21,MLB,Philadelphia,True,1.2666666666666675,True,5.810725
2024-05-21,MLB,Miami,False,1.733333333333333,True,6.41305
2024-05-21,MLB,Cincinnati,True,1.8000000000000005,True,4.436774999999999
2024-05-21,MLB,Pittsburgh,True,9.733333333333334,False,5.5706500000000005
2024-05-21,MLB,Washington,False,8.866666666666667,False,5.384125
2024-05-21,MLB,Boston,True,7.466666666666667,True,5.48335
2024-05-21,MLB,NY Yankees,False,0.9333333333333328,False,4.968325
2024-05-21,MLB,Toronto,False,1.0666666666666664,True,4.98295
2024-05-21,MLB,Kansas City,True,9.866666666666664,False,5.429125
2024-05-21,MLB,Chi Cubs,True,4.266666666666668,True,4.6657
2024-05-21,MLB,St. Louis,True,2.4,True,5.677524999999999
2024-05-21,MLB,LA Angels,True,3.133333333333333,False,5.259925
2024-05-21,MLB,Oakland,False,1.5333333333333328,False,5.8483
2024-05-21,MLB,LA Dodgers,False,0.666666666666667,False,5.694849999999999
2024-05-22,NBA,Dallas,True,3.3777777777777778,False,5.31595
2024-05-22,MLB,Washington,True,10.266666666666667,True,4.524525000000001
2024-05-22,MLB,Cleveland,True,0.6666666666666661,False,6.204924999999999
2024-05-22,MLB,St. Louis,True,2.4,True,5.677524999999999
2024-05-22,MLB,St. Louis,True,2.4,False,5.677524999999999
2024-05-22,MLB,LA Angels,True,6.133333333333333,True,5.386150000000001
2024-05-22,MLB,Kansas City,True,10.133333333333333,False,4.545675
2024-05-22,MLB,Cincinnati,False,2.1333333333333333,False,4.308075
2024-05-22,MLB,Miami,True,1.7999999999999998,True,5.49315
2024-05-22,MLB,Pittsburgh,False,9.866666666666667,False,5.7016
2024-05-22,MLB,Philadelphia,True,1.4000000000000004,False,5.679550000000001
2024-05-22,MLB,Boston,True,7.6,False,5.365675
2024-05-22,MLB,Seattle,False,5.333333333333333,False,5.105575
2024-05-22,MLB,Toronto,True,3.733333333333333,False,4.876975
2024-05-22,MLB,Chi Cubs,False,4.466666666666667,False,4.564
2024-05-22,MLB,Colorado,True,4.466666666666667,True,5.953824999999999
2024-05-22,MLB,LA Dodgers,False,5.4,True,5.8096
2024-05-23,NBA,Boston,True,2.8,False,5.674825
2024-05-23,MLB,Seattle,False,4.133333333333333,True,5.236974999999999
2024-05-23,MLB,SF Giants,True,4.4,False,5.822875
2024-05-23,MLB,Texas,False,0.3999999999999999,True,5.786425
2024-05-23,MLB,San Diego,True,3.0,False,5.438575
2024-05-23,MLB,Atlanta,True,0.8666666666666669,True,4.7287
2024-05-23,MLB,Colorado,True,9.6,False,5.8222
2024-05-23,MLB,Toronto,True,1.866666666666667,False,5.326975000000001
2024-05-23,MLB,Baltimore,True,0.4666666666666668,False,5.408200000000001
2024-05-24,NBA,Dallas,True,3.727272727272728,False,5.380525
2024-05-24,MLB,Detroit,True,2.666666666666667,True,5.460175
2024-05-24,MLB,Pittsburgh,True,0.7999999999999998,False,4.904425
2024-05-24,MLB,Washington,True,10.266666666666667,True,5.18275
2024-05-24,MLB,Tampa Bay,False,2.333333333333333,False,5.225275
2024-05-24,MLB,Cincinnati,True,0.9333333333333332,False,5.309875
2024-05-24,MLB,Milwaukee,True,6.733333333333333,True,5.196925
2024-05-24,MLB,SF Giants,True,5.2,False,5.597424999999999
2024-05-24,MLB,Minnesota,False,0.6000000000000001,True,4.2912
2024-05-24,MLB,Chi Sox,False,4.6,False,5.542975
2024-05-24,MLB,Philadelphia,False,0.8666666666666663,True,5.4082
2024-05-24,MLB,LA Angels,False,2.2666666666666666,False,5.734225
2024-05-24,MLB,San Diego,False,2.0,False,5.41855
2024-05-24,MLB,Miami,True,5.866666666666666,True,4.4415
2024-05-24,MLB,Oakland,False,9.8,False,5.393800000000001
2024-05-25,NBA,Indiana,True,4.971428571428571,False,5.835474999999999
2024-05-25,MLB,Detroit,True,3.0,True,5.341825
2024-05-25,MLB,NY Mets,False,3.666666666666667,False,5.710825
2024-05-25,MLB,Minnesota,True,0.6000000000000001,True,5.1769
2024-05-25,MLB,Chi Sox,False,1.6,False,5.6665
2024-05-25,MLB,Pittsburgh,True,3.2,True,5.056075
2024-05-25,MLB,Washington,True,8.6,True,5.06395
2024-05-25,MLB,Oakland,True,11.6,True,5.529925
2024-05-25,MLB,Tampa Bay,False,2.1333333333333333,False,5.35555
2024-05-25,MLB,Milwaukee,True,7.066666666666666,False,5.093425
2024-05-25,MLB,Cincinnati,True,1.2666666666666666,True,5.445549999999999
2024-05-25,MLB,St. Louis,True,3.2666666666666666,False,5.170375
2024-05-25,MLB,Philadelphia,True,0.666666666666667,False,5.276574999999999
2024-05-25,MLB,LA Angels,True,2.0666666666666664,True,5.845375000000001
2024-05-25,MLB,San Diego,False,1.7333333333333334,True,4.534875
2024-05-25,MLB,Miami,True,6.133333333333333,True,5.32765
2024-05-26,NBA,Dallas,True,0.3999999999999999,False,5.3731
2024-05-26,MLB,Detroit,True,3.2,False,5.22865
2024-05-26,MLB,LA Dodgers,False,1.5333333333333332,True,5.3272
2024-05-26,MLB,Pittsburgh,False,4.466666666666667,False,4.946275
2024-05-26,MLB,Washington,False,8.8,False,4.952575
2024-05-26,MLB,Milwaukee,True,7.199999999999999,True,4.093425
2024-05-26,MLB,Kansas City,False,7.066666666666666,True,5.4761500000000005
2024-05-26,MLB,NY Mets,True,3.4,True,5.818375
2024-05-26,MLB,Chi Sox,False,3.533333333333333,True,5.6665
2024-05-26,MLB,Minnesota,False,0.6000000000000001,False,5.070025
2024-05-26,MLB,Philadelphia,False,0.8666666666666663,True,5.4199
2024-05-26,MLB,Oakland,False,9.666666666666666,True,4.40235
2024-05-26,MLB,LA Angels,True,2.2,False,5.714425
2024-05-26,MLB,San Diego,True,1.5999999999999996,True,5.41855
2024-05-26,MLB,Miami,True,6.066666666666666,True,4.2228
2024-05-26,MLB,Chi Cubs,True,5.7333333333333325,True,5.301325
2024-05-27,NBA,Indiana,True,4.96,True,5.891275
2024-05-27,MLB,Boston,False,11.733333333333333,False,5.413599999999999
2024-05-27,MLB,Kansas City,True,11.333333333333332,False,4.849075000000001
2024-05-27,MLB,Chi Sox,False,3.2666666666666666,True,5.06845
2024-05-27,MLB,Washington,True,8.266666666666666,False,4.767175
2024-05-27,MLB,Cleveland,False,1.4,False,5.349925
2024-05-27,MLB,St. Louis,False,4.0,True,5.44465
2024-05-27,MLB,Chi Cubs,False,0.9333333333333332,True,5.81185
2024-05-27,MLB,Philadelphia,False,1.8666666666666667,False,5.14225
2024-05-27,MLB,Miami,True,11.4,True,5.416525
2024-05-27,MLB,Seattle,True,6.2,True,4.727125
2024-05-28,MLB,LA Dodgers,True,3.733333333333333,True,4.001625
2024-05-28,MLB,LA Dodgers,True,3.733333333333333,True,4.001625
2024-05-28,MLB,Boston,True,5.333333333333334,False,5.5288
2024-05-28,MLB,St. Louis,True,4.0,True,5.333499999999999
2024-05-28,MLB,Oakland,True,10.933333333333334,True,4.635
2024-05-28,MLB,Washington,False,6.466666666666667,True,4.903074999999999
2024-05-28,MLB,Toronto,True,5.866666666666667,False,4.972824999999999
2024-05-28,MLB,Kansas City,False,2.333333333333333,True,4.995775
2024-05-28,MLB,Chi Cubs,True,9.8,False,5.673024999999999
2024-05-28,MLB,Arizona,False,2.466666666666667,True,3.66255
2024-05-28,MLB,Cleveland,True,1.2666666666666668,False,5.470075
2024-05-28,MLB,NY Yankees,False,4.466666666666667,True,5.563675
2024-05-28,MLB,Miami,False,11.333333333333332,True,5.314375
2024-05-28,MLB,Houston,False,2.7333333333333334,True,4.626775
2024-05-28,MLB,Philadelphia,False,3.666666666666667,True,5.273875
2024-05-29,NBA,Dallas,False,3.64,False,5.4464500000000005
2024-05-29,MLB,Pittsburgh,False,2.4000000000000004,False,5.554449999999999
2024-05-29,MLB,Pittsburgh,True,2.4000000000000004,False,5.554449999999999
2024-05-29,MLB,St. Louis,True,4.266666666666667,True,5.2282
2024-05-29,MLB,Arizona,False,11.4,True,4.5721
2024-05-29,MLB,Philadelphia,True,1.5333333333333332,True,5.171950000000001
2024-05-29,MLB,Miami,True,11.2,False,5.216725
2024-05-29,MLB,LA Dodgers,True,1.8,False,3.8268
2024-05-29,MLB,Boston,False,11.6,False,4.634550000000001
2024-05-29,MLB,Oakland,True,11.133333333333333,True,5.5297
2024-05-29,MLB,Washington,True,11.4,False,4.812625000000001
2024-05-29,MLB,Chi Cubs,False,1.0666666666666669,False,5.78035
2024-05-29,MLB,Kansas City,True,11.133333333333333,True,3.896325
2024-05-29,MLB,Toronto,True,3.0,True,5.0941
2024-05-29,MLB,Cleveland,False,1.4666666666666668,False,5.583475
2024-05-29,MLB,NY Yankees,False,4.333333333333334,True,5.450275
2024-05-29,MLB,Seattle,True,6.266666666666667,True,3.53475
2024-05-30,NBA,Dallas,True,3.64,False,5.4464500000000005
2024-05-30,MLB,Kansas City,True,11.4,False,4.8052
2024-05-30,MLB,Chi Cubs,False,9.8,False,5.88115
2024-05-30,MLB,Oakland,True,11.133333333333333,False,4.426874999999999
2024-05-30,MLB,Houston,True,2.8,True,4.4515
2024-05-30,MLB,Detroit,True,2.933333333333333,True,5.357575
2024-05-30,MLB,Arizona,False,2.6,True,3.90915
2024-05-30,MLB,Washington,True,8.666666666666666,True,4.935924999999999
2024-05-30,MLB,NY Yankees,True,4.199999999999999,False,5.344975
2024-05-31,MLB,Cincinnati,True,10.466666666666669,False,5.145175
2024-05-31,MLB,St. Louis,False,3.4,True,5.480650000000001
2024-05-31,MLB,Tampa Bay,False,3.333333333333333,True,5.616099999999999
2024-05-31,MLB,Pittsburgh,False,11.333333333333332,True,5.2124500000000005
2024-05-31,MLB,Washington,False,7.799999999999999,False,5.507199999999999
2024-05-31,MLB,Detroit,False,12.2,False,5.248
2024-05-31,MLB,Texas,False,2.066666666666667,False,5.914000000000001
2024-05-31,MLB,Arizona,False,2.466666666666667,False,3.824100000000001
2024-05-31,MLB,Oakland,False,7.866666666666667,True,4.938175
2024-05-31,MLB,Chi Sox,False,2.8666666666666667,True,6.012549999999999
2024-05-31,MLB,Kansas City,False,5.2,False,5.265324999999999
2024-05-31,MLB,Minnesota,True,1.2000000000000002,True,5.2111
2024-05-31,MLB,Colorado,True,4.8,False,6.1264
2024-05-31,MLB,LA Angels,True,11.4,False,4.877875
2024-05-31,MLB,NY Yankees,True,2.2,False,4.8871
2024-06-01,NBA,Dallas,False,3.0153846153846158,False,5.659750000000001
2024-06-01,MLB,Pittsburgh,True,11.266666666666666,False,5.2124500000000005
2024-06-01,MLB,Tampa Bay,False,3.4,False,5.4948250000000005
2024-06-01,MLB,Oakland,True,5.799999999999999,False,4.849975000000001
2024-06-01,MLB,Chi Sox,True,2.6,False,6.103899999999999
2024-06-01,MLB,Washington,True,10.533333333333331,True,5.616099999999999
2024-06-01,MLB,Minnesota,False,10.533333333333331,True,5.113675000000001
2024-06-01,MLB,Arizona,True,11.466666666666669,False,4.94425
2024-06-01,MLB,San Diego,True,0.9333333333333336,False,4.375125000000001
2024-06-01,MLB,Detroit,False,3.0,False,5.371074999999999
2024-06-01,MLB,Texas,True,1.6666666666666667,True,5.99815
2024-06-01,MLB,St. Louis,False,3.4,False,5.37985
2024-06-01,MLB,LA Angels,False,11.4,False,4.000274999999999
2024-06-01,MLB,Cincinnati,False,10.6,False,5.263075
2024-06-01,MLB,NY Yankees,True,11.266666666666666,False,5.007249999999999
2024-06-01,MLB,Colorado,False,4.933333333333334,False,6.003325
2024-06-01,NBA,Dallas,False,3.0153846153846158,False,5.659750000000001
2024-06-01,MLB,Pittsburgh,False,11.266666666666666,False,5.2124500000000005
2024-06-01,MLB,Tampa Bay,False,3.4,False,5.4948250000000005
2024-06-01,MLB,Oakland,False,5.799999999999999,False,4.849975000000001
2024-06-01,MLB,Chi Sox,False,2.6,False,6.103899999999999
2024-06-01,MLB,Washington,False,10.533333333333331,False,5.616099999999999
2024-06-01,MLB,Minnesota,False,10.533333333333331,False,5.113675000000001
2024-06-01,MLB,Arizona,False,11.466666666666669,False,4.94425
2024-06-01,MLB,San Diego,False,0.9333333333333336,False,4.375125000000001
2024-06-01,MLB,Detroit,False,3.0,False,5.371074999999999
2024-06-01,MLB,Texas,False,1.6666666666666667,False,5.99815
2024-06-01,MLB,St. Louis,False,3.4,False,5.37985
2024-06-01,MLB,LA Angels,False,11.4,False,4.000274999999999
2024-06-01,MLB,Cincinnati,False,10.6,False,5.263075
2024-06-01,MLB,NY Yankees,False,11.266666666666666,False,5.007249999999999
2024-06-01,MLB,Colorado,False,4.933333333333334,False,6.003325
2024-06-01,NBA,Dallas,False,3.0153846153846158,False,5.659750000000001
2024-06-01,MLB,Pittsburgh,False,11.266666666666666,False,5.2124500000000005
2024-06-01,MLB,Tampa Bay,False,3.4,False,5.4948250000000005
2024-06-01,MLB,Oakland,False,5.799999999999999,False,4.849975000000001
2024-06-01,MLB,Chi Sox,False,2.6,False,6.103899999999999
2024-06-01,MLB,Washington,False,10.533333333333331,False,5.616099999999999
2024-06-01,MLB,Minnesota,False,10.533333333333331,False,5.113675000000001
2024-06-01,MLB,Arizona,False,11.466666666666669,False,4.94425
2024-06-01,MLB,San Diego,False,0.9333333333333336,False,4.375125000000001
2024-06-01,MLB,Detroit,False,3.0,False,5.371074999999999
2024-06-01,MLB,Texas,False,1.6666666666666667,False,5.99815
2024-06-01,MLB,St. Louis,False,3.4,False,5.37985
2024-06-01,MLB,LA Angels,False,11.4,False,4.000274999999999
2024-06-01,MLB,Cincinnati,False,10.6,False,5.263075
2024-06-01,MLB,NY Yankees,False,11.266666666666666,False,5.007249999999999
2024-06-01,MLB,Colorado,False,4.933333333333334,False,6.003325
2024-06-02,MLB,Minnesota,True,10.466666666666669,True,5.0194
2024-06-02,MLB,Tampa Bay,True,3.2666666666666666,True,4.6107
2024-06-02,MLB,Detroit,True,11.733333333333334,False,4.484475
2024-06-02,MLB,Oakland,False,5.933333333333334,True,4.968325
2024-06-02,MLB,Pittsburgh,True,11.6,False,5.33305
2024-06-02,MLB,Texas,True,1.9333333333333331,True,5.8852
2024-06-02,MLB,Arizona,False,2.6666666666666665,False,5.0608
2024-06-02,MLB,Washington,True,10.533333333333331,True,5.500449999999999
2024-06-02,MLB,Milwaukee,True,2.333333333333333,True,6.103899999999999
2024-06-02,MLB,San Diego,True,10.133333333333333,True,5.474575
2024-06-02,MLB,Cincinnati,True,10.533333333333331,False,5.37715
2024-06-02,MLB,NY Yankees,True,2.4,False,5.120875
2024-06-02,MLB,Colorado,False,4.866666666666666,True,5.8897
2024-06-02,MLB,LA Angels,False,11.0,True,4.1175
2024-06-02,MLB,St. Louis,True,3.333333333333333,False,4.37985
2024-06-03,MLB,Milwaukee,False,7.6,True,5.69845
2024-06-03,MLB,NY Mets,True,3.8,False,5.828275
2024-06-03,MLB,Baltimore,True,2.466666666666667,False,5.5123750000000005
2024-06-03,MLB,Detroit,False,2.333333333333333,True,5.286925
2024-06-03,MLB,St. Louis,False,10.133333333333333,False,4.790575
2024-06-03,MLB,Cincinnati,True,0.9999999999999998,False,5.5117
2024-06-03,MLB,San Diego,False,2.7333333333333334,True,5.854374999999999
2024-06-03,MLB,SF Giants,False,10.733333333333334,True,5.815900000000001
2024-06-04,MLB,LA Dodgers,False,3.8666666666666663,True,5.291874999999999
2024-06-04,MLB,Kansas City,False,10.666666666666666,False,5.34655
2024-06-04,MLB,Milwaukee,True,4.6,True,5.5999
2024-06-04,MLB,Tampa Bay,True,1.5333333333333337,False,4.797675
2024-06-04,MLB,Washington,False,5.066666666666666,False,5.931325
2024-06-04,MLB,Minnesota,False,4.133333333333333,True,5.189724999999999
2024-06-04,MLB,Baltimore,True,2.6,False,5.623075
2024-06-04,MLB,Atlanta,True,4.0,False,4.647925000000001
2024-06-04,MLB,Chi Cubs,False,2.0,False,5.4082
2024-06-04,MLB,Detroit,True,2.2666666666666666,True,5.191975
2024-06-04,MLB,St. Louis,False,10.133333333333333,False,4.905775
2024-06-04,MLB,Cincinnati,True,1.4666666666666668,True,5.617900000000001
2024-06-04,MLB,San Diego,False,2.533333333333333,True,5.743225000000001
2024-06-04,MLB,Seattle,False,0.8666666666666667,True,5.309425
2024-06-04,MLB,SF Giants,False,1.6666666666666667,False,5.7016
2024-06-05,MLB,Boston,True,2.8,True,4.78495
2024-06-05,MLB,Houston,False,0.9333333333333332,True,5.018274999999999
2024-06-05,MLB,Colorado,False,3.533333333333333,False,5.50855
2024-06-05,MLB,SF Giants,True,5.533333333333332,False,5.79565
2024-06-05,MLB,Washington,False,10.0,False,4.931325
2024-06-05,MLB,Milwaukee,False,5.533333333333333,True,5.503824999999999
2024-06-05,MLB,Pittsburgh,True,3.2666666666666666,False,5.193325
2024-06-05,MLB,Miami,False,3.4,False,5.8919500000000005
2024-06-05,MLB,NY Yankees,True,1.0,False,5.093875000000001
2024-06-05,MLB,Baltimore,True,6.866666666666667,True,5.728375
2024-06-05,MLB,Chi Cubs,False,5.0,False,4.51125
2024-06-05,MLB,Detroit,False,6.266666666666667,False,5.105124999999999
2024-06-05,MLB,LA Angels,True,2.466666666666667,True,5.641525000000001
2024-06-05,MLB,Oakland,True,10.133333333333333,True,5.210425
2024-06-06,NBA,Dallas,False,3.0153846153846158,True,5.659750000000001
2024-06-06,MLB,Toronto,True,2.2,False,5.610475
2024-06-06,MLB,Kansas City,True,5.6,True,5.458600000000001
2024-06-06,MLB,Oakland,False,10.266666666666666,True,5.118175
2024-06-06,MLB,Pittsburgh,False,7.333333333333334,False,4.308525
2024-06-06,MLB,Washington,False,8.266666666666667,True,4.0020750000000005
2024-06-06,MLB,NY Yankees,True,1.1333333333333335,False,5.202775
2024-06-06,MLB,Chi Cubs,False,5.6,False,5.29795
2024-06-06,MLB,Colorado,True,2.333333333333333,True,5.509675
2024-06-06,MLB,Boston,True,2.6000000000000005,False,5.18995
2024-06-06,MLB,Arizona,True,6.933333333333334,True,5.378274999999999
2024-06-07,MLB,Pittsburgh,True,9.333333333333334,True,5.562774999999999
2024-06-07,MLB,Milwaukee,False,3.002802802802802,True,8.64895
2024-06-07,MLB,Washington,True,2.1999999999999997,True,4.903074999999999
2024-06-07,MLB,Tampa Bay,False,2.2,True,6.0292
2024-06-07,MLB,NY Yankees,True,10.2,True,5.15935
2024-06-07,MLB,Miami,True,1.8666666666666665,True,5.06565
2024-06-07,MLB,Chi Cubs,True,5.466666666666667,True,5.401225
2024-06-07,MLB,Texas,False,3.933333333333333,True,5.287599999999999
2024-06-07,MLB,Chi Sox,True,2.0,False,5.294575
2024-06-07,MLB,Kansas City,True,11.133333333333333,False,4.963374999999999
2024-06-07,MLB,Colorado,False,5.466666666666667,False,5.407975
2024-06-07,MLB,LA Angels,False,10.866666666666664,True,5.1418
2024-06-07,MLB,Arizona,False,7.0,False,5.284675
2024-06-07,MLB,Oakland,True,4.266666666666667,True,5.22865
2024-06-08,MLB,Philadelphia,True,2.2,True,5.157325
2024-06-08,MLB,Washington,True,7.266666666666667,False,4.814425
2024-06-08,MLB,Pittsburgh,True,6.466666666666667,True,4.465574999999999
2024-06-08,MLB,SF Giants,True,8.133333333333333,True,5.19985
2024-06-08,MLB,Oakland,False,1.3333333333333333,True,5.1445
2024-06-08,MLB,Boston,False,5.8,True,5.397625
2024-06-08,MLB,Cincinnati,True,0.5333333333333333,True,5.309200000000001
2024-06-08,MLB,Baltimore,True,0.7999999999999998,False,6.10885
2024-06-08,MLB,Kansas City,True,8.266666666666666,False,5.067774999999999
2024-06-08,MLB,Milwaukee,False,1.2666666666666668,False,5.7421
2024-06-08,MLB,Colorado,True,5.4,False,5.511025
2024-06-08,MLB,LA Dodgers,True,1.7999999999999998,False,4.0718250000000005
2024-06-08,MLB,Cleveland,True,0.8666666666666664,False,5.961024999999999
2024-06-08,MLB,Arizona,False,9.733333333333334,False,5.384125
2024-06-08,MLB,LA Angels,False,7.6,True,5.0518
2024-06-09,NBA,Dallas,False,3.1,True,5.59945
2024-06-09,MLB,NY Mets,True,4.133333333333333,True,5.991624999999999
2024-06-09,MLB,SF Giants,False,10.266666666666666,False,5.115025000000001
2024-06-09,MLB,Washington,True,3.533333333333333,False,4.935925
2024-06-09,MLB,Pittsburgh,False,4.733333333333333,False,5.374224999999999
2024-06-09,MLB,Baltimore,True,2.9333333333333336,False,5.99905
2024-06-09,MLB,Cleveland,True,3.1333333333333337,False,4.961024999999999
2024-06-09,MLB,Chi Cubs,True,1.4666666666666668,True,5.2223500000000005
2024-06-09,MLB,Milwaukee,False,12.2,False,5.83075
2024-06-09,MLB,Seattle,True,2.533333333333333,False,5.164075
2024-06-09,MLB,Boston,True,2.5333333333333337,False,5.306274999999999
2024-06-09,MLB,Colorado,False,10.466666666666669,True,5.605075
2024-06-09,MLB,LA Angels,True,5.466666666666667,False,4.966975
2024-06-09,MLB,Toronto,True,0.8666666666666667,False,5.0599
2024-06-09,MLB,Arizona,True,11.266666666666666,False,4.478400000000001
2024-06-09,MLB,NY Yankees,True,4.8,False,5.176450000000001
2024-06-10,MLB,Tampa Bay,False,1.9333333333333336,True,5.074199999999999
2024-06-10,MLB,Colorado,False,3.0006006006006007,True,5.346550000000001
2024-06-10,MLB,Kansas City,False,4.133333333333333,True,5.310549999999999
2024-06-10,MLB,Milwaukee,True,10.466666666666669,True,5.9374
2024-06-10,MLB,Seattle,True,4.800000000000001,False,5.124924999999999
2024-06-10,MLB,Oakland,False,2.9333333333333336,False,5.4064
2024-06-10,MLB,SF Giants,True,4.466666666666667,True,4.89925
2024-06-11,MLB,Baltimore,True,10.333333333333332,True,5.322025
2024-06-11,MLB,Detroit,True,2.333333333333333,False,5.560525
2024-06-11,MLB,Chi Cubs,False,6.266666666666667,True,5.563
2024-06-11,MLB,Boston,False,0.7999999999999998,True,4.922425
2024-06-11,MLB,Miami,True,6.266666666666667,True,5.111649999999999
2024-06-11,MLB,Cincinnati,False,2.4666666666666663,True,4.298399999999999
2024-06-11,MLB,Colorado,True,2.2666666666666666,False,5.2624
2024-06-11,MLB,St. Louis,True,2.8666666666666667,True,5.5954
2024-06-11,MLB,Kansas City,False,4.133333333333333,False,5.22865
2024-06-11,MLB,Milwaukee,False,10.533333333333331,True,5.826700000000001
2024-06-11,MLB,Seattle,False,4.866666666666667,False,5.22955
2024-06-11,MLB,Oakland,True,5.8,True,5.31865
2024-06-11,MLB,LA Angels,False,6.733333333333333,False,5.452075
2024-06-11,MLB,SF Giants,False,10.6,True,4.82185
2024-06-11,MLB,LA Dodgers,False,2.9997997997998,True,8.4712
2024-06-12,NBA,Boston,True,0.7200000000000002,True,5.217625
2024-06-12,MLB,Colorado,False,5.4,False,5.35915
2024-06-12,MLB,Milwaukee,True,7.399999999999999,False,4.72185
2024-06-12,MLB,SF Giants,True,1.4,False,4.744675
2024-06-12,MLB,Oakland,True,8.8,False,5.23675
2024-06-12,MLB,Atlanta,False,1.4666666666666668,True,5.228425
2024-06-12,MLB,Washington,True,9.666666666666666,False,5.6512
2024-06-12,MLB,Chi Cubs,False,0.2,True,5.476825
2024-06-12,MLB,Miami,False,9.4,False,5.03605
2024-06-12,MLB,Cleveland,False,0.5333333333333335,True,5.216725
2024-06-12,MLB,Philadelphia,False,0.2666666666666666,False,4.840525
2024-06-12,MLB,Pittsburgh,False,9.066666666666666,True,5.49505
2024-06-12,MLB,NY Yankees,True,1.2000000000000004,False,5.31775
2024-06-12,MLB,Seattle,False,1.8,True,5.1454
2024-06-12,MLB,LA Angels,True,9.6,False,4.544325000000001
2024-06-12,MLB,Texas,True,1.5999999999999996,True,5.561425
2024-06-13,MLB,Baltimore,False,10.533333333333331,True,4.14225
2024-06-13,MLB,Washington,False,6.8,False,5.73535
2024-06-13,MLB,Kansas City,True,1.733333333333333,True,5.399425
2024-06-13,MLB,St. Louis,True,3.0,True,5.400774999999999
2024-06-13,MLB,Tampa Bay,True,2.733333333333333,True,5.398075
2024-06-13,MLB,Boston,True,3.0,False,4.956625
2024-06-13,MLB,Miami,True,6.133333333333333,True,5.1427000000000005
2024-06-13,MLB,Oakland,False,2.4000000000000004,False,5.056525
2024-06-13,MLB,Seattle,False,1.7333333333333334,True,5.062825
2024-06-13,MLB,LA Angels,False,6.8,False,5.632075
2024-06-13,MLB,LA Dodgers,False,4.266666666666666,True,5.4676
2024-06-14,NBA,Boston,False,3.500000000000001,True,5.16475
2024-06-14,MLB,Chi Cubs,False,4.133333333333333,True,5.20975
2024-06-14,MLB,Boston,False,0.1999999999999997,True,4.070475
2024-06-14,MLB,Washington,False,3.0001001001001004,False,8.2444
2024-06-14,MLB,Baltimore,False,0.8666666666666663,False,5.38165
2024-06-14,MLB,Cleveland,True,7.133333333333333,True,5.2624
2024-06-14,MLB,NY Mets,True,2.2,True,5.275675
2024-06-14,MLB,Tampa Bay,False,2.466666666666667,False,4.98475
2024-06-14,MLB,Oakland,False,3.0006006006006007,False,5.056525
2024-06-14,MLB,Houston,True,3.066666666666667,True,5.581
2024-06-14,MLB,Cincinnati,True,5.666666666666666,True,6.007825
2024-06-14,MLB,Pittsburgh,False,3.0002002002002,False,8.667625000000001
2024-06-14,MLB,Arizona,True,0.7999999999999998,True,5.6167750000000005
2024-06-14,MLB,Kansas City,True,5.6,True,5.432725
2024-06-14,MLB,Seattle,False,1.0666666666666669,True,4.764024999999999
2024-06-14,MLB,LA Angels,False,3.001901901901902,True,8.4784
2024-06-15,MLB,St. Louis,False,8.066666666666666,True,5.1058
2024-06-15,MLB,Cleveland,False,10.266666666666666,True,5.17825
2024-06-15,MLB,Philadelphia,False,2.2,False,5.53465
2024-06-15,MLB,Miami,False,1.666666666666667,True,5.299300000000001
2024-06-15,MLB,LA Angels,True,9.2,True,5.608
2024-06-15,MLB,Tampa Bay,False,8.333333333333334,False,5.086675
2024-06-15,MLB,Houston,False,0.1999999999999998,False,5.478175
2024-06-15,MLB,Cincinnati,False,8.8,False,6.086575
2024-06-15,MLB,San Diego,False,9.666666666666668,True,5.163625
2024-06-15,MLB,NY Yankees,False,2.7333333333333334,False,5.088925
2024-06-15,MLB,Texas,False,2.0,False,4.6252
2024-06-15,MLB,Kansas City,True,5.666666666666667,False,5.288499999999999
2024-06-15,MLB,Pittsburgh,False,1.1333333333333335,False,5.524075
2024-06-15,MLB,Chi Sox,True,1.9333333333333336,False,5.5222750000000005
2024-06-16,MLB,St. Louis,True,9.933333333333334,True,5.025475
2024-06-16,MLB,Philadelphia,False,4.066666666666666,False,5.53465
2024-06-16,MLB,Tampa Bay,True,4.133333333333334,False,5.189275
2024-06-16,MLB,Miami,False,3.6,True,5.21605
2024-06-16,MLB,Cleveland,True,12.0,False,5.097925
2024-06-16,MLB,San Diego,False,2.533333333333333,False,4.090724999999999
2024-06-16,MLB,Cincinnati,True,10.733333333333334,False,4.974975
2024-06-16,MLB,Oakland,False,7.266666666666666,True,5.0817250000000005
2024-06-16,MLB,Oakland,True,7.266666666666666,False,5.0817250000000005
2024-06-16,MLB,Detroit,False,11.2,True,5.564349999999999
2024-06-16,MLB,Pittsburgh,True,0.5333333333333334,True,5.612725
2024-06-16,MLB,LA Angels,False,11.2,False,5.5234000000000005
2024-06-16,MLB,Kansas City,False,5.866666666666666,True,5.3794
2024-06-16,MLB,Chi Sox,False,4.2,False,5.605525
2024-06-16,MLB,Texas,False,4.0,True,4.725999999999999
2024-06-16,MLB,NY Yankees,False,2.6,False,5.182525
2024-06-17,NBA,Dallas,False,2.953846153846153,True,5.51035
2024-06-17,MLB,Cincinnati,False,8.533333333333333,True,5.500675
2024-06-17,MLB,San Diego,False,10.266666666666666,False,5.314825
2024-06-17,MLB,St. Louis,False,2.066666666666667,False,4.64445
2024-06-17,MLB,Boston,True,12.333333333333332,False,5.340249999999999
2024-06-17,MLB,Detroit,True,8.466666666666667,True,5.57695
2024-06-17,MLB,NY Mets,True,10.8,False,5.368375
2024-06-17,MLB,SF Giants,True,9.933333333333334,False,5.682024999999999
2024-06-17,MLB,Colorado,False,3.333333333333333,False,5.330125000000001
2024-06-17,MLB,Milwaukee,False,2.4,True,5.702725
2024-06-18,MLB,Miami,True,2.933333333333333,False,5.64445
2024-06-18,MLB,San Diego,True,5.266666666666667,True,5.314825
2024-06-18,MLB,Pittsburgh,True,2.466666666666667,True,5.500675
2024-06-18,MLB,Cleveland,False,10.266666666666666,False,5.378500000000001
2024-06-18,MLB,Washington,False,10.0,True,5.3866
2024-06-18,MLB,Baltimore,False,5.7333333333333325,True,5.82445
2024-06-18,MLB,Toronto,True,1.6666666666666663,True,5.340249999999999
2024-06-18,MLB,Detroit,True,6.466666666666667,True,4.57695
2024-06-18,MLB,Tampa Bay,True,4.8,False,5.389750000000001
2024-06-18,MLB,Texas,True,3.2,False,5.368375
2024-06-18,MLB,Chi Cubs,True,4.066666666666666,True,4.682024999999999
2024-06-18,MLB,Chi Sox,True,8.666666666666666,True,4.8709
2024-06-18,MLB,Colorado,False,8.333333333333334,False,5.330125000000001
2024-06-18,MLB,LA Angels,False,2.6,False,4.702725
2024-06-18,MLB,Oakland,True,3.2666666666666666,False,5.083075000000001
2024-06-19,MLB,Detroit,False,11.4,False,4.4118
2024-06-19,MLB,Cincinnati,False,2.333333333333333,True,5.327875
2024-06-19,MLB,St. Louis,False,3.8666666666666663,True,5.7958750000000006
2024-06-19,MLB,San Diego,True,10.066666666666666,True,4.325175
2024-06-19,MLB,SF Giants,False,0.8666666666666667,False,5.669875
2024-06-19,MLB,Washington,True,2.733333333333334,True,5.301774999999999
2024-06-19,MLB,Seattle,False,4.0,False,5.46895
2024-06-19,MLB,Baltimore,True,10.666666666666666,False,5.7205
2024-06-19,MLB,Boston,True,12.333333333333332,False,5.34295
2024-06-19,MLB,Tampa Bay,True,9.8,True,5.481325
2024-06-19,MLB,NY Mets,False,2.2666666666666666,True,5.5504
2024-06-19,MLB,Chi Sox,False,5.7333333333333325,True,3.7971
2024-06-19,MLB,LA Dodgers,False,5.8,False,5.511925000000001
2024-06-19,MLB,Milwaukee,True,2.2,True,5.618125
2024-06-19,MLB,Kansas City,False,1.6,True,5.1769
2024-06-20,MLB,Arizona,True,4.133333333333333,True,4.219200000000001
2024-06-20,MLB,Tampa Bay,True,9.933333333333334,False,5.39425
2024-06-20,MLB,Cleveland,True,5.266666666666667,False,5.55445
2024-06-20,MLB,Chi Sox,False,3.733333333333333,True,4.728475
2024-06-20,MLB,LA Dodgers,True,5.733333333333333,True,5.59765
2024-06-20,MLB,Kansas City,False,1.3333333333333333,True,5.1015250000000005
2024-06-20,MLB,Baltimore,True,10.733333333333333,False,5.8024
2024-06-20,MLB,St. Louis,True,4.733333333333333,False,4.6431
2024-06-20,MLB,Milwaukee,False,2.7333333333333334,False,5.560974999999999
2024-06-21,MLB,NY Mets,True,10.733333333333334,False,5.889475
2024-06-21,MLB,Arizona,True,4.133333333333333,True,5.255425
2024-06-21,MLB,Chi Sox,True,10.133333333333333,True,5.819274999999999
2024-06-21,MLB,Tampa Bay,False,2.0002002002002,True,8.513950000000001
2024-06-21,MLB,NY Yankees,False,5.066666666666666,False,5.05405
2024-06-21,MLB,Seattle,False,1.6666666666666667,True,5.896675
2024-06-21,MLB,Boston,False,2.7333333333333334,True,4.2509250000000005
2024-06-21,MLB,Toronto,False,1.9996996996996996,False,8.466474999999999
2024-06-21,MLB,Kansas City,False,10.933333333333334,False,4.614175
2024-06-21,MLB,Baltimore,False,2.4000000000000004,False,5.4775
2024-06-21,MLB,Washington,True,1.2666666666666666,False,5.39065
2024-06-21,MLB,Oakland,True,5.133333333333333,False,5.2381
2024-06-21,MLB,Milwaukee,False,11.6,False,5.6341
2024-06-21,MLB,LA Angels,True,7.6,True,5.757175
2024-06-22,MLB,Chi Sox,True,10.2,True,4.728375
2024-06-22,MLB,St. Louis,True,4.733333333333333,False,5.662675
2024-06-22,MLB,NY Mets,False,2.1333333333333333,True,5.963725
2024-06-22,MLB,Philadelphia,True,0.7333333333333332,False,5.1838750000000005
2024-06-22,MLB,Pittsburgh,True,4.666666666666667,True,5.600350000000001
2024-06-22,MLB,Kansas City,False,10.8,True,4.614175
2024-06-22,MLB,Oakland,False,5.2,False,5.32225
2024-06-22,MLB,Baltimore,False,2.2,True,5.55625
2024-06-22,MLB,Seattle,True,3.533333333333333,False,5.809375
2024-06-22,MLB,Boston,False,2.6,True,5.174200000000001
2024-06-22,MLB,Toronto,False,3.6666666666666665,False,5.3785
2024-06-22,MLB,Atlanta,False,4.2,False,5.15125
2024-06-22,MLB,Milwaukee,False,2.466666666666667,False,5.7043
2024-06-22,MLB,Washington,False,1.4666666666666666,False,5.47705
2024-06-22,MLB,LA Angels,False,5.666666666666666,False,5.67145
2024-06-23,MLB,Arizona,False,1.2666666666666668,True,5.1838750000000005
2024-06-23,MLB,Tampa Bay,True,4.333333333333333,True,5.600350000000001
2024-06-23,MLB,NY Yankees,False,4.8,True,5.15125
2024-06-23,MLB,Chi Sox,False,10.2,False,5.728375
2024-06-23,MLB,Cleveland,True,5.333333333333334,False,5.3785
2024-06-23,MLB,Seattle,False,3.533333333333333,False,5.809375
2024-06-23,MLB,Boston,True,11.599999999999998,False,5.174200000000001
2024-06-23,MLB,Baltimore,False,11.2,False,5.55625
2024-06-23,MLB,SF Giants,False,4.266666666666667,False,5.662675
2024-06-23,MLB,Kansas City,False,10.8,True,4.614175
2024-06-23,MLB,Washington,False,1.4666666666666666,True,4.47705
2024-06-23,MLB,Oakland,False,3.2,True,5.32225
2024-06-23,MLB,Milwaukee,True,11.466666666666669,True,5.7043
2024-06-23,MLB,NY Mets,True,2.1333333333333333,True,5.963725
2024-06-24,MLB,Baltimore,True,3.2,True,5.625774999999999
2024-06-24,MLB,Detroit,False,1.1999999999999995,False,5.627125
2024-06-24,MLB,Tampa Bay,True,3.0666666666666664,True,5.543424999999999
2024-06-24,MLB,Cincinnati,True,3.333333333333333,False,5.123799999999999
2024-06-24,MLB,Toronto,True,5.266666666666668,False,4.077450000000001
2024-06-24,MLB,St. Louis,True,9.866666666666667,True,4.97935
2024-06-24,MLB,Kansas City,True,4.666666666666666,True,5.18005
2024-06-24,MLB,Chi Sox,False,3.6666666666666665,True,5.180725
2024-06-24,MLB,Milwaukee,True,1.4,False,5.64625
2024-06-24,MLB,LA Angels,True,0.7333333333333338,True,5.312125
2024-06-24,MLB,Washington,True,3.466666666666667,False,5.536
2024-06-25,MLB,Philadelphia,False,1.8000000000000005,True,5.627125
2024-06-25,MLB,Seattle,False,1.9333333333333331,False,5.543424999999999
2024-06-25,MLB,NY Yankees,False,2.333333333333333,False,5.253625
2024-06-25,MLB,Pittsburgh,True,10.666666666666668,False,5.123799999999999
2024-06-25,MLB,Toronto,True,10.266666666666667,False,4.077450000000001
2024-06-25,MLB,LA Dodgers,False,6.333333333333334,True,4.180725
2024-06-25,MLB,Miami,True,0.3333333333333335,True,5.18005
2024-06-25,MLB,Colorado,False,4.7333333333333325,True,5.32135
2024-06-25,MLB,Milwaukee,True,5.4,True,5.64625
2024-06-25,MLB,Oakland,False,4.266666666666667,False,5.312125
2024-06-25,MLB,Minnesota,False,1.8666666666666667,False,5.5189
2024-06-25,MLB,Washington,False,2.466666666666667,False,5.536
2024-06-26,MLB,LA Angels,True,0.7333333333333338,True,5.312125
2024-06-26,MLB,Washington,False,6.466666666666667,False,5.536
2024-06-26,MLB,Cleveland,False,5.800000000000001,True,5.625774999999999
2024-06-26,MLB,NY Mets,True,2.666666666666667,False,4.253625
2024-06-26,MLB,Toronto,True,5.266666666666668,True,5.077450000000001
2024-06-26,MLB,Chi Sox,False,1.6666666666666663,True,5.180725
2024-06-26,MLB,Arizona,False,3.1333333333333333,False,5.5189
2024-06-27,MLB,Arizona,False,3.1333333333333333,False,5.5189
2024-06-27,MLB,SF Giants,False,3.6,False,5.17825
2024-06-27,MLB,Atlanta,False,0.9333333333333332,True,4.889125
2024-06-27,MLB,Philadelphia,False,6.4,False,5.11075
2024-06-27,MLB,Baltimore,True,4.266666666666666,False,5.4289
2024-06-27,MLB,Toronto,True,2.066666666666667,False,5.3083
2024-06-27,MLB,Cincinnati,True,6.199999999999999,False,5.18545
2024-06-27,MLB,Kansas City,True,3.8666666666666663,True,5.3614
2024-06-27,MLB,LA Angels,True,7.066666666666666,True,5.735125
2024-06-28,MLB,San Diego,True,9.066666666666666,False,5.21875
2024-06-28,MLB,NY Mets,True,1.2666666666666666,False,4.708225
2024-06-28,MLB,Chi Sox,True,1.2,True,5.427325
2024-06-28,MLB,Pittsburgh,False,8.866666666666667,True,4.1022
2024-06-28,MLB,Chi Cubs,False,7.733333333333333,True,5.64175
2024-06-28,MLB,Kansas City,True,660.8666666666667,False,5.3614
2024-06-28,MLB,Cincinnati,True,9.2,True,5.18545
2024-06-29,MLB,San Diego,True,6.066666666666667,False,5.21875
2024-06-29,MLB,Kansas City,False,3.8666666666666663,False,5.3614
2024-06-29,MLB,NY Mets,False,4.266666666666667,False,4.708225
2024-06-29,MLB,Milwaukee,False,4.266666666666667,True,4.64175
2024-06-29,MLB,Washington,True,6.866666666666667,False,5.449375
2024-06-29,MLB,Oakland,False,2.6666666666666665,True,5.3452
2024-06-29,MLB,Baltimore,False,1.2666666666666662,False,5.4289
2024-06-29,MLB,SF Giants,False,1.4,False,5.370849999999999
2024-06-29,MLB,LA Angels,True,9.066666666666666,False,5.735125
2024-06-29,MLB,Seattle,False,9.866666666666667,True,4.93885
2024-06-30,MLB,Toronto,False,3.666666666666667,False,3.7629
2024-06-30,MLB,Washington,False,9.6,False,5.745025
2024-06-30,MLB,Colorado,False,1.666666666666667,False,5.7817
2024-07-01,MLB,Toronto,False,3.666666666666667,True,3.7629
2024-07-01,MLB,Washington,False,9.6,False,5.745025
2024-07-01,MLB,Colorado,True,1.666666666666667,False,5.7817
2024-07-02,MLB,Detroit,False,1.1102230246251563e-16,False,5.594049999999999
2024-07-02,MLB,Texas,True,0.1333333333333334,True,4.74085
2024-07-02,MLB,Philadelphia,True,8.2,False,4.241474999999999
2024-07-02,MLB,Tampa Bay,True,1.0666666666666669,True,5.49145
2024-07-02,MLB,Colorado,True,0.6666666666666667,True,5.7817
2024-07-02,MLB,Seattle,False,0.2666666666666666,True,5.37535
2024-07-02,MLB,Oakland,True,0.5333333333333334,False,5.528125
2024-07-03,MLB,Philadelphia,True,1.2000000000000002,False,4.241474999999999
2024-07-03,MLB,San Diego,True,10.866666666666667,False,4.74085
2024-07-03,MLB,Kansas City,True,5.933333333333334,True,4.49145
2024-07-03,MLB,Detroit,False,8.001501501501501,False,5.594049999999999
2024-07-03,MLB,Milwaukee,True,3.333333333333333,True,5.7817
2024-07-03,MLB,LA Angels,False,1.4666666666666666,True,5.528125
2024-07-03,MLB,Baltimore,True,10.733333333333334,True,5.37535
2024-07-04,MLB,Toronto,False,3.666666666666667,True,4.7629
2024-07-04,MLB,Cleveland,True,6.866666666666667,False,4.734
2024-07-04,MLB,Miami,True,1.8666666666666667,True,6.031225
2024-07-04,MLB,Detroit,False,6.0,False,4.594049999999999
2024-07-04,MLB,Chi Cubs,True,3.8,False,5.241474999999999
2024-07-04,MLB,San Diego,True,5.866666666666667,True,4.74085
2024-07-04,MLB,Oakland,True,3.533333333333333,True,5.528125
2024-07-05,MLB,LA Angels,False,7.666666666666666,True,5.475474999999999
2024-07-05,MLB,NY Mets,False,11.4,False,5.826025
2024-07-05,MLB,Washington,True,3.466666666666667,False,4.041
2024-07-05,MLB,Boston,True,5.533333333333333,True,5.5702
2024-07-05,MLB,Detroit,False,2.0,False,5.357799999999999
2024-07-06,MLB,SF Giants,True,3.6,True,6.182874999999999
2024-07-06,MLB,Chi Sox,False,1.2,False,6.01165
2024-07-06,MLB,Toronto,True,9.866666666666667,False,4.726000000000001
2024-07-06,MLB,Detroit,False,8.001501501501501,False,8.3578
2024-07-06,MLB,Philadelphia,False,1.666666666666667,True,5.052474999999999
2024-07-06,MLB,Milwaukee,False,1.7333333333333334,True,5.73985
2024-07-06,MLB,Kansas City,False,2.9333333333333336,True,5.2684750000000005
2024-07-07,MLB,Philadelphia,False,10.666666666666666,True,5.052474999999999
2024-07-07,MLB,Washington,False,5.466666666666667,False,5.041
2024-07-07,MLB,NY Mets,False,2.4,True,5.826025
2024-07-07,MLB,SF Giants,True,3.6,False,5.182874999999999
2024-07-07,MLB,Detroit,True,2.0,True,5.357799999999999
2024-07-07,MLB,Chi Sox,False,10.2,True,6.01165
2024-07-07,MLB,Houston,True,9.6,True,4.80025
2024-07-07,MLB,LA Angels,False,10.666666666666666,True,5.475474999999999
2024-07-07,MLB,Tampa Bay,False,10.066666666666666,False,4.912975
2024-07-07,MLB,Kansas City,True,2.9333333333333336,False,5.2684750000000005
2024-07-07,MLB,Baltimore,True,3.666666666666667,False,5.7650500000000005
2024-07-07,MLB,Milwaukee,True,10.733333333333334,False,5.73985
2024-07-07,MLB,Arizona,True,11.2,False,5.521599999999999
2024-07-07,MLB,Toronto,True,9.866666666666667,False,4.726000000000001
2024-07-07,MLB,Boston,True,5.533333333333333,True,5.5702
2024-07-08,MLB,NY Mets,False,11.4,False,5.826025
2024-07-08,MLB,Washington,False,5.466666666666667,True,5.041
2024-07-08,MLB,Cleveland,False,2.6666666666666665,True,5.632075
2024-07-08,MLB,Colorado,False,10.066666666666666,True,4.31685
2024-07-08,MLB,Minnesota,True,3.2666666666666666,False,5.218975
2024-07-08,MLB,LA Angels,False,4.8,False,5.259475
2024-07-08,MLB,Atlanta,False,3.533333333333333,False,5.18905
2024-07-09,MLB,LA Dodgers,False,3.666666666666667,False,5.283325
2024-07-09,MLB,NY Yankees,False,2.933333333333333,False,5.558725
2024-07-09,MLB,Oakland,False,7.333333333333334,False,5.1166
2024-07-09,MLB,Colorado,False,10.066666666666666,False,5.31685
2024-07-09,MLB,Washington,False,11.266666666666666,False,5.144275
2024-07-10,MLB,Kansas City,True,4.666666666666666,False,4.990825
2024-07-10,MLB,Kansas City,True,4.666666666666666,False,4.990825
2024-07-10,MLB,Minnesota,False,3.2666666666666666,True,5.218975
2024-07-10,MLB,Minnesota,False,3.2666666666666666,True,5.218975
2024-07-10,MLB,Chi Cubs,True,3.8666666666666663,True,5.4244
2024-07-10,MLB,Cleveland,False,2.6666666666666665,False,5.632075
2024-07-10,MLB,Seattle,True,10.533333333333331,True,5.63005
2024-07-10,MLB,NY Yankees,False,2.933333333333333,True,5.558725
2024-07-10,MLB,LA Dodgers,True,3.666666666666667,True,4.283325
2024-07-10,MLB,Washington,False,8.266666666666666,True,4.144275
2024-07-10,MLB,Oakland,True,10.333333333333334,True,5.1166
2024-07-10,MLB,Colorado,False,8.0001001001001,False,5.31685
2024-07-10,MLB,Miami,False,1.2,False,4.902175
2024-07-10,MLB,Pittsburgh,False,10.0,False,5.8879
2024-07-10,MLB,LA Angels,True,4.8,False,5.259475
2024-07-10,MLB,Atlanta,False,1.5333333333333334,False,5.18905
2024-07-10,MLB,Toronto,False,8.000400400400402,False,5.19625
2024-07-11,MLB,Washington,False,11.266666666666666,True,5.144275
2024-07-11,MLB,Colorado,False,7.066666666666666,False,5.31685
2024-07-11,MLB,Cleveland,False,11.666666666666668,False,5.632075
2024-07-11,MLB,Pittsburgh,False,1.0,True,5.8879
2024-07-11,MLB,Toronto,True,1.2666666666666666,False,5.19625
2024-07-11,MLB,LA Dodgers,False,3.666666666666667,True,5.283325
2024-07-11,MLB,Baltimore,False,663.1333333333333,True,5.4244
2024-07-11,MLB,NY Yankees,False,2.933333333333333,False,5.558725
2024-07-12,MLB,Philadelphia,False,6.6,True,5.147875000000001
2024-07-12,MLB,LA Dodgers,True,5.933333333333334,True,5.6233
2024-07-12,MLB,Cleveland,False,3.0031031031031032,True,5.52835
2024-07-12,MLB,Baltimore,False,3.333333333333333,True,5.65615
2024-07-12,MLB,Colorado,True,2.2,False,4.461074999999999
2024-07-12,MLB,Cincinnati,True,0.4666666666666668,False,4.897675
2024-07-12,MLB,Boston,False,3.2666666666666666,True,4.971925
2024-07-12,MLB,Houston,True,1.0666666666666669,False,4.88665
2024-07-12,MLB,Washington,True,2.466666666666667,True,5.76415
2024-07-12,MLB,Pittsburgh,True,5.4,True,5.234275
2024-07-12,MLB,St. Louis,False,0.666666666666667,True,4.07835
2024-07-12,MLB,LA Angels,True,9.866666666666667,False,5.471425
2024-07-12,MLB,San Diego,False,3.466666666666667,True,5.3146
2024-07-12,MLB,Toronto,True,5.6000000000000005,False,5.306050000000001
2024-07-12,MLB,SF Giants,True,3.466666666666667,False,5.4091

2024-08-19,MLB,Arizona,False,2.333333333333333,False,5.832325
2024-08-19,MLB,Cincinnati,False,10.0,False,4.18365
2024-08-19,MLB,Baltimore,False,9.266666666666666,False,4.689225
2024-08-19,MLB,Pittsburgh,False,8.466666666666667,False,3.8277
2024-08-19,MLB,Boston,False,9.333333333333332,False,5.18905
2024-08-19,MLB,LA Angels,False,4.733333333333333,False,5.59045
2024-08-19,MLB,Oakland,False,1.2,False,5.429125000000001
2024-08-19,MLB,Minnesota,False,8.866666666666667,False,4.64445
2024-08-19,MLB,SF Giants,False,1.2666666666666666,False,5.465574999999999
2024-08-19,MLB,Seattle,False,1.7999999999999998,False,5.5306
2024-11-17,NBA,Minnesota,False,1.0,False,1.0
2024-11-17,NBA,Indiana,False,1.0,False,1.0
2024-11-17,NBA,Cleveland,False,1.0,False,1.0
2024-11-17,NBA,Memphis,False,1.0,False,1.0
2024-11-17,NBA,Washington,False,5.0,False,1.0
2024-11-17,NBA,Portland,False,5.0,False,1.0
2024-11-17,NBA,New York,False,1.0,False,1.0
2024-11-17,NBA,Okla City,False,1.0,False,1.0
2024-11-17,NBA,Chicago,False,5.0,False,1.0
2024-11-17,NBA,LA Clippers,False,1.0,False,1.0
2024-11-17,NBA,Minnesota,False,1.0,False,1.0
2024-11-17,NBA,Indiana,False,1.0,False,1.0
2024-11-17,NBA,Cleveland,False,1.0,False,1.0
2024-11-17,NBA,Memphis,False,1.0,False,1.0
2024-11-17,NBA,Washington,False,5.0,False,1.0
2024-11-17,NBA,Portland,False,5.0,False,1.0
2024-11-17,NBA,New York,False,1.0,False,1.0
2024-11-17,NBA,Okla City,False,1.0,False,1.0
2024-11-17,NBA,Chicago,False,5.0,False,1.0
2024-11-17,NBA,LA Clippers,False,1.0,False,1.0
